Type,Name,Request Count,Failure Count,Median Response Time,Average Response Time,Min Response Time,Max Response Time,Average Content Size,Requests/s,Failures/s,50%,66%,75%,80%,90%,95%,98%,99%,99.9%,99.99%,100%
POST,/api/generate,10601,24,298000.0,285579.3307759182,336.8718749843538,301549.54695806373,0.05433449674559004,5.888759129048595,0.013331781822202272,298000,299000,299000,299000,300000,300000,300000,300000,300000,302000,302000
,Aggregated,10601,24,298000.0,285579.3307759182,336.8718749843538,301549.54695806373,0.05433449674559004,5.888759129048595,0.013331781822202272,298000,299000,299000,299000,300000,300000,300000,300000,300000,302000,302000
