Type,Name,Request Count,Failure Count,Median Response Time,Average Response Time,Min Response Time,Max Response Time,Average Content Size,Requests/s,Failures/s,50%,66%,75%,80%,90%,95%,98%,99%,99.9%,99.99%,100%
POST,/api/generate,5659,304,289000.0,273480.4937361688,3549.9952089739963,305515.355792013,1.289273723272663,3.143877354428657,0.16888826926070183,289000,294000,299000,300000,300000,301000,304000,304000,305000,306000,306000
,Aggregated,5659,304,289000.0,273480.4937361688,3549.9952089739963,305515.355792013,1.289273723272663,3.143877354428657,0.16888826926070183,289000,294000,299000,300000,300000,301000,304000,304000,305000,306000,306000
