Type,Name,Request Count,Failure Count,Median Response Time,Average Response Time,Min Response Time,Max Response Time,Average Content Size,Requests/s,Failures/s,50%,66%,75%,80%,90%,95%,98%,99%,99.9%,99.99%,100%
POST,/api/generate,3747,0,217000.0,205025.68968537162,332.79679098632187,298217.3243330326,0.0,2.082231321620717,0.0,217000,236000,247000,255000,278000,287000,292000,294000,298000,298000,298000
,Aggregated,3747,0,217000.0,205025.68968537162,332.79679098632187,298217.3243330326,0.0,2.082231321620717,0.0,217000,236000,247000,255000,278000,287000,292000,294000,298000,298000,298000
