Type,Name,Request Count,Failure Count,Median Response Time,Average Response Time,Min Response Time,Max Response Time,Average Content Size,Requests/s,Failures/s,50%,66%,75%,80%,90%,95%,98%,99%,99.9%,99.99%,100%
POST,/api/generate,3663,0,30000.0,31574.32230186538,199.1016250103712,85161.01570799947,0.0,2.0353453867623874,0.0,30000,39000,45000,50000,59000,66000,74000,78000,84000,85000,85000
,Aggregated,3663,0,30000.0,31574.32230186538,199.1016250103712,85161.01570799947,0.0,2.0353453867623874,0.0,30000,39000,45000,50000,59000,66000,74000,78000,84000,85000,85000
