Type,Name,Request Count,Failure Count,Median Response Time,Average Response Time,Min Response Time,Max Response Time,Average Content Size,Requests/s,Failures/s,50%,66%,75%,80%,90%,95%,98%,99%,99.9%,99.99%,100%
POST,/api/generate,10775,722,300000.0,283721.9736734089,461.3517499528825,314972.54254098516,1.3676102088167053,5.986132787187647,0.4011125635591166,300000,300000,300000,300000,301000,303000,306000,308000,311000,315000,315000
,Aggregated,10775,722,300000.0,283721.9736734089,461.3517499528825,314972.54254098516,1.3676102088167053,5.986132787187647,0.4011125635591166,300000,300000,300000,300000,301000,303000,306000,308000,311000,315000,315000
