Type,Name,Request Count,Failure Count,Median Response Time,Average Response Time,Min Response Time,Max Response Time,Average Content Size,Requests/s,Failures/s,50%,66%,75%,80%,90%,95%,98%,99%,99.9%,99.99%,100%
POST,/api/generate,8120,41,298000.0,280566.75116248726,2487.3127919854596,303385.76354202814,0.09753694581280788,4.510036540108384,0.02277235198823199,298000,299000,299000,299000,299000,300000,300000,300000,302000,303000,303000
,Aggregated,8120,41,298000.0,280566.75116248726,2487.3127919854596,303385.76354202814,0.09753694581280788,4.510036540108384,0.02277235198823199,298000,299000,299000,299000,299000,300000,300000,300000,302000,303000,303000
