Type,Name,Request Count,Failure Count,Median Response Time,Average Response Time,Min Response Time,Max Response Time,Average Content Size,Requests/s,Failures/s,50%,66%,75%,80%,90%,95%,98%,99%,99.9%,99.99%,100%
POST,/api/generate,8380,349,297000.0,275220.67675358144,641.8421249836683,315975.8533750428,0.3837708830548926,4.6534415335270145,0.1938008466826883,297000,300000,300000,300000,300000,304000,308000,309000,313000,316000,316000
,Aggregated,8380,349,297000.0,275220.67675358144,641.8421249836683,315975.8533750428,0.3837708830548926,4.6534415335270145,0.1938008466826883,297000,300000,300000,300000,300000,304000,308000,309000,313000,316000,316000
