Type,Name,Request Count,Failure Count,Median Response Time,Average Response Time,Min Response Time,Max Response Time,Average Content Size,Requests/s,Failures/s,50%,66%,75%,80%,90%,95%,98%,99%,99.9%,99.99%,100%
POST,/api/generate,3724,1,214000.0,210375.06191349265,3101.1874170508236,296381.06308400165,0.0,2.0698830686468233,0.0005558225211189106,214000,237000,246000,252000,267000,275000,285000,289000,292000,296000,296000
,Aggregated,3724,1,214000.0,210375.06191349265,3101.1874170508236,296381.06308400165,0.0,2.0698830686468233,0.0005558225211189106,214000,237000,246000,252000,267000,275000,285000,289000,292000,296000,296000
