Type,Name,Request Count,Failure Count,Median Response Time,Average Response Time,Min Response Time,Max Response Time,Average Content Size,Requests/s,Failures/s,50%,66%,75%,80%,90%,95%,98%,99%,99.9%,99.99%,100%
POST,/api/generate,3688,1,228000.0,209183.1854813812,2411.2030419055372,291266.13895897754,0.0,2.050034446851965,0.0005558661732245025,228000,240000,248000,254000,266000,276000,283000,286000,291000,291000,291000
,Aggregated,3688,1,228000.0,209183.1854813812,2411.2030419055372,291266.13895897754,0.0,2.050034446851965,0.0005558661732245025,228000,240000,248000,254000,266000,276000,283000,286000,291000,291000,291000
