Type,Name,Request Count,Failure Count,Median Response Time,Average Response Time,Min Response Time,Max Response Time,Average Content Size,Requests/s,Failures/s,50%,66%,75%,80%,90%,95%,98%,99%,99.9%,99.99%,100%
POST,/api/generate,5645,22,291000.0,270629.51300026267,2459.062750102021,304099.4002909865,0.08928255093002657,3.1351955904709214,0.012218654205555407,291000,296000,298000,298000,299000,299000,300000,300000,302000,304000,304000
,Aggregated,5645,22,291000.0,270629.51300026267,2459.062750102021,304099.4002909865,0.08928255093002657,3.1351955904709214,0.012218654205555407,291000,296000,298000,298000,299000,299000,300000,300000,302000,304000,304000
