Type,Name,Request Count,Failure Count,Median Response Time,Average Response Time,Min Response Time,Max Response Time,Average Content Size,Requests/s,Failures/s,50%,66%,75%,80%,90%,95%,98%,99%,99.9%,99.99%,100%
POST,/api/generate,3732,5,218000.0,209632.341381708,592.2567079542205,297003.899708041,0.0,2.074375207643442,0.0027791736436809243,218000,229000,236000,241000,271000,281000,288000,290000,295000,297000,297000
,Aggregated,3732,5,218000.0,209632.341381708,592.2567079542205,297003.899708041,0.0,2.074375207643442,0.0027791736436809243,218000,229000,236000,241000,271000,281000,288000,290000,295000,297000,297000
