Type,Name,Request Count,Failure Count,Median Response Time,Average Response Time,Min Response Time,Max Response Time,Average Content Size,Requests/s,Failures/s,50%,66%,75%,80%,90%,95%,98%,99%,99.9%,99.99%,100%
POST,/api/generate,8095,15,298000.0,281244.0435594949,409.57670798525214,300706.0814999277,0.044471896232242125,4.495348408952092,0.008329861165445507,298000,299000,299000,299000,299000,300000,300000,300000,300000,301000,301000
,Aggregated,8095,15,298000.0,281244.0435594949,409.57670798525214,300706.0814999277,0.044471896232242125,4.495348408952092,0.008329861165445507,298000,299000,299000,299000,299000,300000,300000,300000,300000,301000,301000
