Type,Name,Request Count,Failure Count,Median Response Time,Average Response Time,Min Response Time,Max Response Time,Average Content Size,Requests/s,Failures/s,50%,66%,75%,80%,90%,95%,98%,99%,99.9%,99.99%,100%
POST,/api/generate,6409,169,296000.0,273800.6209601991,2372.055832995102,578272.1097499598,0.1722577625214542,3.5611980332302986,0.09390583049085979,296000,298000,298000,298000,299000,300000,356000,408000,436000,578000,578000
,Aggregated,6409,169,296000.0,273800.6209601991,2372.055832995102,578272.1097499598,0.1722577625214542,3.5611980332302986,0.09390583049085979,296000,298000,298000,298000,299000,300000,356000,408000,436000,578000,578000
