Type,Name,Request Count,Failure Count,Median Response Time,Average Response Time,Min Response Time,Max Response Time,Average Content Size,Requests/s,Failures/s,50%,66%,75%,80%,90%,95%,98%,99%,99.9%,99.99%,100%
POST,/api/generate,5624,14,291000.0,271143.0186853966,426.09587509650737,300525.38808400277,1.7462660028449501,3.1241427182930743,0.007777026681383898,291000,296000,298000,298000,299000,299000,300000,300000,300000,301000,301000
,Aggregated,5624,14,291000.0,271143.0186853966,426.09587509650737,300525.38808400277,1.7462660028449501,3.1241427182930743,0.007777026681383898,291000,296000,298000,298000,299000,299000,300000,300000,300000,301000,301000
