Type,Name,Request Count,Failure Count,Median Response Time,Average Response Time,Min Response Time,Max Response Time,Average Content Size,Requests/s,Failures/s,50%,66%,75%,80%,90%,95%,98%,99%,99.9%,99.99%,100%
POST,/api/generate,3666,0,31000.0,31603.25068195201,219.99745909124613,89042.5721249776,0.0,2.037991819526856,0.0,31000,38000,44000,47000,58000,68000,76000,82000,89000,89000,89000
,Aggregated,3666,0,31000.0,31603.25068195201,219.99745909124613,89042.5721249776,0.0,2.037991819526856,0.0,31000,38000,44000,47000,58000,68000,76000,82000,89000,89000,89000
