Type,Name,Request Count,Failure Count,Median Response Time,Average Response Time,Min Response Time,Max Response Time,Average Content Size,Requests/s,Failures/s,50%,66%,75%,80%,90%,95%,98%,99%,99.9%,99.99%,100%
POST,/api/generate,5766,145,290000.0,268896.5989652415,888.6271669762209,312429.5484579634,0.16649323621227888,3.202890425360574,0.08054441756456523,290000,295000,298000,299000,300000,300000,307000,309000,311000,312000,312000
,Aggregated,5766,145,290000.0,268896.5989652415,888.6271669762209,312429.5484579634,0.16649323621227888,3.202890425360574,0.08054441756456523,290000,295000,298000,299000,300000,300000,307000,309000,311000,312000,312000
