Type,Name,Request Count,Failure Count,Median Response Time,Average Response Time,Min Response Time,Max Response Time,Average Content Size,Requests/s,Failures/s,50%,66%,75%,80%,90%,95%,98%,99%,99.9%,99.99%,100%
POST,/api/generate,3617,0,34000.0,32200.007086781065,194.53662494197488,86922.116333968,0.0,2.010233876940543,0.0,34000,43000,49000,52000,60000,66000,72000,75000,83000,87000,87000
,Aggregated,3617,0,34000.0,32200.007086781065,194.53662494197488,86922.116333968,0.0,2.010233876940543,0.0,34000,43000,49000,52000,60000,66000,72000,75000,83000,87000,87000
