Type,Name,Request Count,Failure Count,Median Response Time,Average Response Time,Min Response Time,Max Response Time,Average Content Size,Requests/s,Failures/s,50%,66%,75%,80%,90%,95%,98%,99%,99.9%,99.99%,100%
POST,/api/generate,5677,419,290000.0,272534.9870459679,4291.983915958554,589266.695874976,1.733309846750044,3.152412921909745,0.23266884169106627,290000,299000,300000,300000,301000,301000,303000,303000,304000,589000,589000
,Aggregated,5677,419,290000.0,272534.9870459679,4291.983915958554,589266.695874976,1.733309846750044,3.152412921909745,0.23266884169106627,290000,299000,300000,300000,301000,301000,303000,303000,304000,589000,589000
