Type,Name,Request Count,Failure Count,Median Response Time,Average Response Time,Min Response Time,Max Response Time,Average Content Size,Requests/s,Failures/s,50%,66%,75%,80%,90%,95%,98%,99%,99.9%,99.99%,100%
POST,/api/generate,5122,2481,300000.0,294578.8473651054,3495.621707988903,304154.0265000658,13.082584927762593,2.8528824166925815,1.3818823263987299,300000,300000,300000,300000,303000,304000,304000,304000,304000,304000,304000
,Aggregated,5122,2481,300000.0,294578.8473651054,3495.621707988903,304154.0265000658,13.082584927762593,2.8528824166925815,1.3818823263987299,300000,300000,300000,300000,303000,304000,304000,304000,304000,304000,304000
