Type,Name,Request Count,Failure Count,Median Response Time,Average Response Time,Min Response Time,Max Response Time,Average Content Size,Requests/s,Failures/s,50%,66%,75%,80%,90%,95%,98%,99%,99.9%,99.99%,100%
POST,/api/generate,624,17,265000.0,244182.367387802,40.50391702912748,303626.517583034,15.663461538461538,0.3467276735836255,0.00944610649186159,265000,276000,281000,283000,289000,293000,298000,301000,304000,304000,304000
,Aggregated,624,17,265000.0,244182.367387802,40.50391702912748,303626.517583034,15.663461538461538,0.3467276735836255,0.00944610649186159,265000,276000,281000,283000,289000,293000,298000,301000,304000,304000,304000
