Type,Name,Request Count,Failure Count,Median Response Time,Average Response Time,Min Response Time,Max Response Time,Average Content Size,Requests/s,Failures/s,50%,66%,75%,80%,90%,95%,98%,99%,99.9%,99.99%,100%
POST,/api/generate,644,10,264000.0,237289.8983577704,12452.848916989751,303317.7668749122,12.672360248447205,0.35799705770144813,0.005558960523314412,264000,278000,284000,287000,291000,294000,298000,301000,303000,303000,303000
,Aggregated,644,10,264000.0,237289.8983577704,12452.848916989751,303317.7668749122,12.672360248447205,0.35799705770144813,0.005558960523314412,264000,278000,284000,287000,291000,294000,298000,301000,303000,303000,303000
