Type,Name,Request Count,Failure Count,Median Response Time,Average Response Time,Min Response Time,Max Response Time,Average Content Size,Requests/s,Failures/s,50%,66%,75%,80%,90%,95%,98%,99%,99.9%,99.99%,100%
POST,/api/generate,7621,4625,300000.0,296568.3829800341,3500.9832500945777,308061.89429189544,14.508332239863535,4.237803872883685,2.5718203532459047,300000,300000,300000,300000,303000,303000,304000,304000,304000,308000,308000
,Aggregated,7621,4625,300000.0,296568.3829800341,3500.9832500945777,308061.89429189544,14.508332239863535,4.237803872883685,2.5718203532459047,300000,300000,300000,300000,303000,303000,304000,304000,304000,308000,308000
