Type,Name,Request Count,Failure Count,Median Response Time,Average Response Time,Min Response Time,Max Response Time,Average Content Size,Requests/s,Failures/s,50%,66%,75%,80%,90%,95%,98%,99%,99.9%,99.99%,100%
POST,/api/generate,2622,767,300000.0,288759.2590667644,3533.2197080133483,304898.0805419851,14.825705568268498,1.4574394755985953,0.42633717688181644,300000,300000,300000,300000,303000,303000,304000,304000,304000,305000,305000
,Aggregated,2622,767,300000.0,288759.2590667644,3533.2197080133483,304898.0805419851,14.825705568268498,1.4574394755985953,0.42633717688181644,300000,300000,300000,300000,303000,303000,304000,304000,304000,305000,305000
