Type,Name,Request Count,Failure Count,Median Response Time,Average Response Time,Min Response Time,Max Response Time,Average Content Size,Requests/s,Failures/s,50%,66%,75%,80%,90%,95%,98%,99%,99.9%,99.99%,100%
POST,/api/generate,2628,233,299000.0,287689.006001065,2423.321916954592,303300.4694590345,17.883561643835616,1.462957367550221,0.1297066463619488,299000,300000,300000,300000,300000,300000,300000,300000,303000,303000,303000
,Aggregated,2628,233,299000.0,287689.006001065,2423.321916954592,303300.4694590345,17.883561643835616,1.462957367550221,0.1297066463619488,299000,300000,300000,300000,300000,300000,300000,300000,303000,303000,303000
