Type,Name,Request Count,Failure Count,Median Response Time,Average Response Time,Min Response Time,Max Response Time,Average Content Size,Requests/s,Failures/s,50%,66%,75%,80%,90%,95%,98%,99%,99.9%,99.99%,100%
POST,/api/generate,10133,1173,300000.0,297057.56554194906,3480.784208048135,338221.46462497767,2.6764038290733247,5.626707897704692,0.6513498829574266,300000,300000,300000,300000,300000,300000,302000,307000,329000,338000,338000
,Aggregated,10133,1173,300000.0,297057.56554194906,3480.784208048135,338221.46462497767,2.6764038290733247,5.626707897704692,0.6513498829574266,300000,300000,300000,300000,300000,300000,302000,307000,329000,338000,338000
