Type,Name,Request Count,Failure Count,Median Response Time,Average Response Time,Min Response Time,Max Response Time,Average Content Size,Requests/s,Failures/s,50%,66%,75%,80%,90%,95%,98%,99%,99.9%,99.99%,100%
POST,/api/generate,929,0,156000.0,157061.50216448723,2522.98474998679,289026.85608295724,0.0,0.5164124170656819,0.0,156000,177000,195000,210000,244000,262000,271000,277000,289000,289000,289000
,Aggregated,929,0,156000.0,157061.50216448723,2522.98474998679,289026.85608295724,0.0,0.5164124170656819,0.0,156000,177000,195000,210000,244000,262000,271000,277000,289000,289000,289000
