Type,Name,Request Count,Failure Count,Median Response Time,Average Response Time,Min Response Time,Max Response Time,Average Content Size,Requests/s,Failures/s,50%,66%,75%,80%,90%,95%,98%,99%,99.9%,99.99%,100%
POST,/api/generate,2680,65,299000.0,281957.4572024232,428.7785419728607,300475.0032500597,0.582089552238806,1.4922701593707295,0.036193119536976646,299000,299000,300000,300000,300000,300000,300000,300000,300000,300000,300000
,Aggregated,2680,65,299000.0,281957.4572024232,428.7785419728607,300475.0032500597,0.582089552238806,1.4922701593707295,0.036193119536976646,299000,299000,300000,300000,300000,300000,300000,300000,300000,300000,300000
