Type,Name,Request Count,Failure Count,Median Response Time,Average Response Time,Min Response Time,Max Response Time,Average Content Size,Requests/s,Failures/s,50%,66%,75%,80%,90%,95%,98%,99%,99.9%,99.99%,100%
POST,/api/generate,10452,2532,300000.0,289035.5053198702,462.0650829747319,704644.3655838957,5.191733639494833,5.802726689298206,1.4057122060182794,300000,300000,300000,300000,302000,304000,307000,309000,313000,674000,705000
,Aggregated,10452,2532,300000.0,289035.5053198702,462.0650829747319,704644.3655838957,5.191733639494833,5.802726689298206,1.4057122060182794,300000,300000,300000,300000,302000,304000,307000,309000,313000,674000,705000
