Type,Name,Request Count,Failure Count,Median Response Time,Average Response Time,Min Response Time,Max Response Time,Average Content Size,Requests/s,Failures/s,50%,66%,75%,80%,90%,95%,98%,99%,99.9%,99.99%,100%
POST,/api/generate,2686,230,300000.0,282369.56256232585,526.2603330193087,308432.55341693293,2.0551005212211466,1.4955246465278704,0.12806056169077074,300000,300000,300000,300000,301000,302000,304000,305000,308000,308000,308000
,Aggregated,2686,230,300000.0,282369.56256232585,526.2603330193087,308432.55341693293,2.0551005212211466,1.4955246465278704,0.12806056169077074,300000,300000,300000,300000,301000,302000,304000,305000,308000,308000,308000
