Type,Name,Request Count,Failure Count,Median Response Time,Average Response Time,Min Response Time,Max Response Time,Average Content Size,Requests/s,Failures/s,50%,66%,75%,80%,90%,95%,98%,99%,99.9%,99.99%,100%
POST,/api/generate,5248,963,300000.0,288299.69852638897,548.4526250511408,313200.63612493686,6.569931402439025,2.923229332863274,0.5364081264381351,300000,300000,300000,300000,302000,304000,307000,308000,311000,313000,313000
,Aggregated,5248,963,300000.0,288299.69852638897,548.4526250511408,313200.63612493686,6.569931402439025,2.923229332863274,0.5364081264381351,300000,300000,300000,300000,302000,304000,307000,308000,311000,313000,313000
