Type,Name,Request Count,Failure Count,Median Response Time,Average Response Time,Min Response Time,Max Response Time,Average Content Size,Requests/s,Failures/s,50%,66%,75%,80%,90%,95%,98%,99%,99.9%,99.99%,100%
POST,/api/generate,7673,274,299000.0,294486.41781335615,443.93774995114654,308644.24599998165,0.8570311481819367,4.262193609059129,0.15220136177273577,299000,300000,300000,300000,300000,300000,300000,301000,304000,309000,309000
,Aggregated,7673,274,299000.0,294486.41781335615,443.93774995114654,308644.24599998165,0.8570311481819367,4.262193609059129,0.15220136177273577,299000,300000,300000,300000,300000,300000,300000,301000,304000,309000,309000
