Type,Name,Request Count,Failure Count,Median Response Time,Average Response Time,Min Response Time,Max Response Time,Average Content Size,Requests/s,Failures/s,50%,66%,75%,80%,90%,95%,98%,99%,99.9%,99.99%,100%
POST,/api/generate,10163,455,299000.0,295955.4278613662,111.32212495431304,315303.6450839136,1.0721243727245893,5.642928136704224,0.25263527523373236,299000,300000,300000,300000,300000,300000,300000,300000,302000,308000,315000
,Aggregated,10163,455,299000.0,295955.4278613662,111.32212495431304,315303.6450839136,1.0721243727245893,5.642928136704224,0.25263527523373236,299000,300000,300000,300000,300000,300000,300000,300000,302000,308000,315000
