Type,Name,Request Count,Failure Count,Median Response Time,Average Response Time,Min Response Time,Max Response Time,Average Content Size,Requests/s,Failures/s,50%,66%,75%,80%,90%,95%,98%,99%,99.9%,99.99%,100%
POST,/api/generate,7833,1765,300000.0,289354.1820011296,502.3814170854166,315449.635625002,4.9605515128303335,4.350986842261832,0.980402371580765,300000,300000,300000,300000,302000,304000,307000,309000,312000,315000,315000
,Aggregated,7833,1765,300000.0,289354.1820011296,502.3814170854166,315449.635625002,4.9605515128303335,4.350986842261832,0.980402371580765,300000,300000,300000,300000,302000,304000,307000,309000,312000,315000,315000
