Type,Name,Request Count,Failure Count,Median Response Time,Average Response Time,Min Response Time,Max Response Time,Average Content Size,Requests/s,Failures/s,50%,66%,75%,80%,90%,95%,98%,99%,99.9%,99.99%,100%
POST,/api/generate,929,0,148000.0,156604.1295156724,247.87916603963822,296575.755875092,0.0,0.5173470111793048,0.0,148000,194000,221000,233000,259000,270000,284000,290000,297000,297000,297000
,Aggregated,929,0,148000.0,156604.1295156724,247.87916603963822,296575.755875092,0.0,0.5173470111793048,0.0,148000,194000,221000,233000,259000,270000,284000,290000,297000,297000,297000
