Type,Name,Request Count,Failure Count,Median Response Time,Average Response Time,Min Response Time,Max Response Time,Average Content Size,Requests/s,Failures/s,50%,66%,75%,80%,90%,95%,98%,99%,99.9%,99.99%,100%
POST,/api/generate,370,0,26000.0,26668.01948256497,285.24125000694767,59267.626958026085,0.0,1.2353577712627246,0.0,26000,31000,35000,37000,45000,51000,54000,56000,59000,59000,59000
,Aggregated,370,0,26000.0,26668.01948256497,285.24125000694767,59267.626958026085,0.0,1.2353577712627246,0.0,26000,31000,35000,37000,45000,51000,54000,56000,59000,59000,59000
