Type,Name,Request Count,Failure Count,Median Response Time,Average Response Time,Min Response Time,Max Response Time,Average Content Size,Requests/s,Failures/s,50%,66%,75%,80%,90%,95%,98%,99%,99.9%,99.99%,100%
POST,/api/generate,267,221,190.0,39045.55691152352,172.6038329943549,219010.4084580089,114.05992509363296,0.891246788818634,0.7376986529172963,190,270,89000,107000,109000,217000,218000,219000,219000,219000,219000
,Aggregated,267,221,190.0,39045.55691152352,172.6038329943549,219010.4084580089,114.05992509363296,0.891246788818634,0.7376986529172963,190,270,89000,107000,109000,217000,218000,219000,219000,219000,219000
