Type,Name,Request Count,Failure Count,Median Response Time,Average Response Time,Min Response Time,Max Response Time,Average Content Size,Requests/s,Failures/s,50%,66%,75%,80%,90%,95%,98%,99%,99.9%,99.99%,100%
POST,/api/generate,166,58,61000.0,60637.562397023845,160.69962503388524,130964.03441700386,39.59036144578313,0.5545901417585364,0.19377245916864524,62000,65000,65000,125000,130000,130000,131000,131000,131000,131000,131000
,Aggregated,166,58,61000.0,60637.562397023845,160.69962503388524,130964.03441700386,39.59036144578313,0.5545901417585364,0.19377245916864524,62000,65000,65000,125000,130000,130000,131000,131000,131000,131000,131000
