Type,Name,Request Count,Failure Count,Median Response Time,Average Response Time,Min Response Time,Max Response Time,Average Content Size,Requests/s,Failures/s,50%,66%,75%,80%,90%,95%,98%,99%,99.9%,99.99%,100%
POST,/api/generate,212,0,60000.0,50322.95274783727,263.8287079753354,104289.60099996766,0.0,0.707566585417991,0.0,61000,66000,70000,71000,84000,91000,95000,101000,104000,104000,104000
,Aggregated,212,0,60000.0,50322.95274783727,263.8287079753354,104289.60099996766,0.0,0.707566585417991,0.0,61000,66000,70000,71000,84000,91000,95000,101000,104000,104000,104000
