Type,Name,Request Count,Failure Count,Median Response Time,Average Response Time,Min Response Time,Max Response Time,Average Content Size,Requests/s,Failures/s,50%,66%,75%,80%,90%,95%,98%,99%,99.9%,99.99%,100%
POST,/api/generate,367,296,190.0,2954.4401467837743,162.5538749503903,21547.08283295622,123.50953678474114,1.2279319672961622,0.9903756466475859,190,220,3300,7200,11000,11000,21000,21000,22000,22000,22000
,Aggregated,367,296,190.0,2954.4401467837743,162.5538749503903,21547.08283295622,123.50953678474114,1.2279319672961622,0.9903756466475859,190,220,3300,7200,11000,11000,21000,21000,22000,22000,22000
