Type,Name,Request Count,Failure Count,Median Response Time,Average Response Time,Min Response Time,Max Response Time,Average Content Size,Requests/s,Failures/s,50%,66%,75%,80%,90%,95%,98%,99%,99.9%,99.99%,100%
POST,/api/generate,5218,85,299000.0,288870.6141345118,3214.9212079821154,303862.91787493974,0.43541586814871597,2.898825614045959,0.04722119148982493,299000,299000,300000,300000,300000,300000,300000,300000,304000,304000,304000
,Aggregated,5218,85,299000.0,288870.6141345118,3214.9212079821154,303862.91787493974,0.43541586814871597,2.898825614045959,0.04722119148982493,299000,299000,300000,300000,300000,300000,300000,300000,304000,304000,304000
