Type,Name,Request Count,Failure Count,Median Response Time,Average Response Time,Min Response Time,Max Response Time,Average Content Size,Requests/s,Failures/s,50%,66%,75%,80%,90%,95%,98%,99%,99.9%,99.99%,100%
POST,/api/generate,10213,251,299000.0,294685.031154098,3324.770541046746,303354.8784160521,0.6846176441789875,5.673487439013617,0.1394345782035071,299000,299000,300000,300000,300000,300000,300000,300000,303000,303000,303000
,Aggregated,10213,251,299000.0,294685.031154098,3324.770541046746,303354.8784160521,0.6846176441789875,5.673487439013617,0.1394345782035071,299000,299000,300000,300000,300000,300000,300000,300000,303000,303000,303000
