Type,Name,Request Count,Failure Count,Median Response Time,Average Response Time,Min Response Time,Max Response Time,Average Content Size,Requests/s,Failures/s,50%,66%,75%,80%,90%,95%,98%,99%,99.9%,99.99%,100%
POST,/api/generate,1911,49,285000.0,268713.6034912544,2428.196833934635,487911.86066600494,0.3516483516483517,1.0633973919006021,0.027266599792323133,285000,298000,299000,299000,299000,300000,337000,366000,443000,488000,488000
,Aggregated,1911,49,285000.0,268713.6034912544,2428.196833934635,487911.86066600494,0.3516483516483517,1.0633973919006021,0.027266599792323133,285000,298000,299000,299000,299000,300000,337000,366000,443000,488000,488000
