Type,Name,Request Count,Failure Count,Median Response Time,Average Response Time,Min Response Time,Max Response Time,Average Content Size,Requests/s,Failures/s,50%,66%,75%,80%,90%,95%,98%,99%,99.9%,99.99%,100%
POST,/api/generate,1196,0,60000.0,62393.80795445967,216.40445804223418,155899.86691705417,0.0,0.6659762656681709,0.0,60000,82000,92000,99000,112000,123000,136000,145000,152000,156000,156000
,Aggregated,1196,0,60000.0,62393.80795445967,216.40445804223418,155899.86691705417,0.0,0.6659762656681709,0.0,60000,82000,92000,99000,112000,123000,136000,145000,152000,156000,156000
