Type,Name,Request Count,Failure Count,Median Response Time,Average Response Time,Min Response Time,Max Response Time,Average Content Size,Requests/s,Failures/s,50%,66%,75%,80%,90%,95%,98%,99%,99.9%,99.99%,100%
POST,/api/generate,8077,914,299000.0,280831.697335627,2539.819874917157,303434.0394589817,1.0132474928810202,4.485130315913389,0.5075410559297805,299000,299000,299000,300000,300000,300000,300000,301000,303000,303000,303000
,Aggregated,8077,914,299000.0,280831.697335627,2539.819874917157,303434.0394589817,1.0132474928810202,4.485130315913389,0.5075410559297805,299000,299000,299000,300000,300000,300000,300000,301000,303000,303000,303000
