Type,Name,Request Count,Failure Count,Median Response Time,Average Response Time,Min Response Time,Max Response Time,Average Content Size,Requests/s,Failures/s,50%,66%,75%,80%,90%,95%,98%,99%,99.9%,99.99%,100%
POST,/api/generate,4958,938,300000.0,288581.8840401039,3463.420166983269,593050.951916026,4.203307785397338,2.754369071438389,0.5210968513532088,300000,300000,300000,300000,304000,334000,341000,344000,360000,593000,593000
,Aggregated,4958,938,300000.0,288581.8840401039,3463.420166983269,593050.951916026,4.203307785397338,2.754369071438389,0.5210968513532088,300000,300000,300000,300000,304000,334000,341000,344000,360000,593000,593000
