Type,Name,Request Count,Failure Count,Median Response Time,Average Response Time,Min Response Time,Max Response Time,Average Content Size,Requests/s,Failures/s,50%,66%,75%,80%,90%,95%,98%,99%,99.9%,99.99%,100%
POST,/api/generate,1621,148,279000.0,260087.93147766768,3542.7121249958873,436879.46020800155,2.6280074028377545,0.9010494698889485,0.08226731742354373,279000,287000,292000,298000,302000,303000,304000,304000,376000,437000,437000
,Aggregated,1621,148,279000.0,260087.93147766768,3542.7121249958873,436879.46020800155,2.6280074028377545,0.9010494698889485,0.08226731742354373,279000,287000,292000,298000,302000,303000,304000,304000,376000,437000,437000
