Type,Name,Request Count,Failure Count,Median Response Time,Average Response Time,Min Response Time,Max Response Time,Average Content Size,Requests/s,Failures/s,50%,66%,75%,80%,90%,95%,98%,99%,99.9%,99.99%,100%
POST,/api/generate,1195,4,46000.0,62523.659720506854,226.3506669551134,199428.6265829578,0.0,0.6640989928321086,0.0022229254990196105,46000,96000,110000,120000,133000,142000,151000,158000,169000,199000,199000
,Aggregated,1195,4,46000.0,62523.659720506854,226.3506669551134,199428.6265829578,0.0,0.6640989928321086,0.0022229254990196105,46000,96000,110000,120000,133000,142000,151000,158000,169000,199000,199000
