Type,Name,Request Count,Failure Count,Median Response Time,Average Response Time,Min Response Time,Max Response Time,Average Content Size,Requests/s,Failures/s,50%,66%,75%,80%,90%,95%,98%,99%,99.9%,99.99%,100%
POST,/api/generate,7750,3239,300000.0,292616.894235681,4753.011416993104,304964.85545800533,10.610064516129032,4.306802085073178,1.7999654133615512,300000,300000,300000,300000,302000,304000,304000,304000,304000,305000,305000
,Aggregated,7750,3239,300000.0,292616.894235681,4753.011416993104,304964.85545800533,10.610064516129032,4.306802085073178,1.7999654133615512,300000,300000,300000,300000,302000,304000,304000,304000,304000,305000,305000
