Type,Name,Request Count,Failure Count,Median Response Time,Average Response Time,Min Response Time,Max Response Time,Average Content Size,Requests/s,Failures/s,50%,66%,75%,80%,90%,95%,98%,99%,99.9%,99.99%,100%
POST,/api/generate,227,4,71000.0,81076.30320685651,183.5491660167463,169707.5083749951,0.24669603524229075,0.7582376009794367,0.013361014995232364,71000,93000,127000,135000,145000,156000,163000,164000,170000,170000,170000
,Aggregated,227,4,71000.0,81076.30320685651,183.5491660167463,169707.5083749951,0.24669603524229075,0.7582376009794367,0.013361014995232364,71000,93000,127000,135000,145000,156000,163000,164000,170000,170000,170000
