Model,GPU,Users,Ramp,Lambda_rps,Avg_Latency_s,Avg_Sent_Bytes,Avg_Recv_Bytes,Total_Requests,Run_Index
llama,5,100,10,0.04599791666666666,273474.3667499257,0.0,0.0,1103.9499999999998,1
gemma,5,100,10,0.039276388888888895,296402.4536576356,0.0,0.0,942.6333333333334,1
deepseek,5,100,10,0.050331249999999994,256544.49505662688,0.0,0.0,1207.9499999999998,1
llama,3,100,10,0.03584999999999999,270196.50042550423,0.0,0.0,860.3999999999999,1
gemma,3,100,10,0.029684722222222223,302237.4606715653,0.0,0.0,712.4333333333334,1
deepseek,3,100,10,0.04090138888888889,267306.6981501341,0.0,0.0,981.6333333333333,1
