Type,Name,Request Count,Failure Count,Median Response Time,Average Response Time,Min Response Time,Max Response Time,Average Content Size,Requests/s,Failures/s,50%,66%,75%,80%,90%,95%,98%,99%,99.9%,99.99%,100%
POST,/api/generate,2164,1,71000.0,64158.75990392249,214.4227089593187,125562.16058298014,0.0,1.2028719962383465,0.0005558558208125446,71000,87000,92000,95000,102000,108000,116000,117000,124000,126000,126000
,Aggregated,2164,1,71000.0,64158.75990392249,214.4227089593187,125562.16058298014,0.0,1.2028719962383465,0.0005558558208125446,71000,87000,92000,95000,102000,108000,116000,117000,124000,126000,126000
