Type,Name,Request Count,Failure Count,Median Response Time,Average Response Time,Min Response Time,Max Response Time,Average Content Size,Requests/s,Failures/s,50%,66%,75%,80%,90%,95%,98%,99%,99.9%,99.99%,100%
POST,/api/generate,10400,3780,300000.0,291894.6319388016,3525.709166948218,304065.6420830055,8.663076923076924,5.7754534891771865,2.0991552104894002,300000,300000,300000,300000,301000,303000,304000,304000,304000,304000,304000
,Aggregated,10400,3780,300000.0,291894.6319388016,3525.709166948218,304065.6420830055,8.663076923076924,5.7754534891771865,2.0991552104894002,300000,300000,300000,300000,301000,303000,304000,304000,304000,304000,304000
