Type,Name,Request Count,Failure Count,Median Response Time,Average Response Time,Min Response Time,Max Response Time,Average Content Size,Requests/s,Failures/s,50%,66%,75%,80%,90%,95%,98%,99%,99.9%,99.99%,100%
POST,/api/generate,2903,136,286000.0,268467.11312346754,3578.6897920188494,304141.96970901685,0.9424733034791595,1.6149515079126273,0.07565739065660258,286000,291000,294000,296000,300000,300000,303000,303000,304000,304000,304000
,Aggregated,2903,136,286000.0,268467.11312346754,3578.6897920188494,304141.96970901685,0.9424733034791595,1.6149515079126273,0.07565739065660258,286000,291000,294000,296000,300000,300000,303000,303000,304000,304000,304000
