Type,Name,Request Count,Failure Count,Median Response Time,Average Response Time,Min Response Time,Max Response Time,Average Content Size,Requests/s,Failures/s,50%,66%,75%,80%,90%,95%,98%,99%,99.9%,99.99%,100%
POST,/api/generate,7919,2568,300000.0,288828.9810486259,2722.5955419708043,304395.7680420135,7.734309887612072,4.398249938215936,1.4262793081624603,300000,300000,300000,300000,301000,303000,304000,304000,304000,304000,304000
,Aggregated,7919,2568,300000.0,288828.9810486259,2722.5955419708043,304395.7680420135,7.734309887612072,4.398249938215936,1.4262793081624603,300000,300000,300000,300000,301000,303000,304000,304000,304000,304000,304000
