Type,Name,Request Count,Failure Count,Median Response Time,Average Response Time,Min Response Time,Max Response Time,Average Content Size,Requests/s,Failures/s,50%,66%,75%,80%,90%,95%,98%,99%,99.9%,99.99%,100%
POST,/api/generate,2890,21,288000.0,266688.4125117326,2442.2090830048546,302496.0410000058,0.07474048442906574,1.605827673761522,0.011668643996190992,288000,291000,294000,295000,299000,299000,300000,300000,301000,302000,302000
,Aggregated,2890,21,288000.0,266688.4125117326,2442.2090830048546,302496.0410000058,0.07474048442906574,1.605827673761522,0.011668643996190992,288000,291000,294000,295000,299000,299000,300000,300000,301000,302000,302000
