Type,Name,Request Count,Failure Count,Median Response Time,Average Response Time,Min Response Time,Max Response Time,Average Content Size,Requests/s,Failures/s,50%,66%,75%,80%,90%,95%,98%,99%,99.9%,99.99%,100%
POST,/api/generate,2217,0,65000.0,62929.44948891876,214.8142500082031,132488.52587502915,0.0,1.232608358740835,0.0,65000,76000,85000,91000,104000,113000,119000,123000,130000,132000,132000
,Aggregated,2217,0,65000.0,62929.44948891876,214.8142500082031,132488.52587502915,0.0,1.232608358740835,0.0,65000,76000,85000,91000,104000,113000,119000,123000,130000,132000,132000
