Type,Name,Request Count,Failure Count,Median Response Time,Average Response Time,Min Response Time,Max Response Time,Average Content Size,Requests/s,Failures/s,50%,66%,75%,80%,90%,95%,98%,99%,99.9%,99.99%,100%
POST,/api/generate,5457,121,299000.0,279841.41002981405,275.88504197774455,303314.5116670057,0.6021623602712113,3.032215110331345,0.06723438305847403,299000,299000,299000,299000,300000,300000,300000,300000,303000,303000,303000
,Aggregated,5457,121,299000.0,279841.41002981405,275.88504197774455,303314.5116670057,0.6021623602712113,3.032215110331345,0.06723438305847403,299000,299000,299000,299000,300000,300000,300000,300000,303000,303000,303000
