Type,Name,Request Count,Failure Count,Median Response Time,Average Response Time,Min Response Time,Max Response Time,Average Content Size,Requests/s,Failures/s,50%,66%,75%,80%,90%,95%,98%,99%,99.9%,99.99%,100%
POST,/api/generate,155,0,7300.0,7132.5046064872895,199.72537498688325,21093.159915995784,0.0,0.516764793525069,0.0,7300,9500,12000,12000,15000,17000,20000,20000,21000,21000,21000
,Aggregated,155,0,7300.0,7132.5046064872895,199.72537498688325,21093.159915995784,0.0,0.516764793525069,0.0,7300,9500,12000,12000,15000,17000,20000,20000,21000,21000,21000
