Type,Name,Request Count,Failure Count,Median Response Time,Average Response Time,Min Response Time,Max Response Time,Average Content Size,Requests/s,Failures/s,50%,66%,75%,80%,90%,95%,98%,99%,99.9%,99.99%,100%
POST,/api/generate,10344,14,299000.0,290924.9761442274,385.13145805336535,304812.8877499839,0.03248259860788863,5.744363908411122,0.0077746611289400335,299000,299000,299000,299000,300000,300000,300000,300000,301000,304000,305000
,Aggregated,10344,14,299000.0,290924.9761442274,385.13145805336535,304812.8877499839,0.03248259860788863,5.744363908411122,0.0077746611289400335,299000,299000,299000,299000,300000,300000,300000,300000,301000,304000,305000
