Type,Name,Request Count,Failure Count,Median Response Time,Average Response Time,Min Response Time,Max Response Time,Average Content Size,Requests/s,Failures/s,50%,66%,75%,80%,90%,95%,98%,99%,99.9%,99.99%,100%
POST,/api/generate,8306,676,300000.0,274158.454990067,555.6278330041096,624818.7718749978,0.6356850469540092,4.615323912554531,0.3756271327819483,300000,300000,300000,300000,301000,306000,309000,311000,314000,625000,625000
,Aggregated,8306,676,300000.0,274158.454990067,555.6278330041096,624818.7718749978,0.6356850469540092,4.615323912554531,0.3756271327819483,300000,300000,300000,300000,301000,306000,309000,311000,314000,625000,625000
