Type,Name,Request Count,Failure Count,Median Response Time,Average Response Time,Min Response Time,Max Response Time,Average Content Size,Requests/s,Failures/s,50%,66%,75%,80%,90%,95%,98%,99%,99.9%,99.99%,100%
POST,/api/generate,10851,839,300000.0,277368.18529325345,521.3229999644682,415428.9928750368,0.6672196110957516,6.024827292330524,0.4658400238010607,300000,300000,300000,300000,301000,304000,307000,309000,312000,317000,415000
,Aggregated,10851,839,300000.0,277368.18529325345,521.3229999644682,415428.9928750368,0.6672196110957516,6.024827292330524,0.4658400238010607,300000,300000,300000,300000,301000,304000,307000,309000,312000,317000,415000
