Type,Name,Request Count,Failure Count,Median Response Time,Average Response Time,Min Response Time,Max Response Time,Average Content Size,Requests/s,Failures/s,50%,66%,75%,80%,90%,95%,98%,99%,99.9%,99.99%,100%
POST,/api/generate,5364,9,298000.0,281310.59068596317,354.2353749508038,303359.4674170017,0.040268456375838924,2.9828832349257715,0.005004837642492905,298000,299000,299000,299000,299000,300000,300000,300000,300000,303000,303000
,Aggregated,5364,9,298000.0,281310.59068596317,354.2353749508038,303359.4674170017,0.040268456375838924,2.9828832349257715,0.005004837642492905,298000,299000,299000,299000,299000,300000,300000,300000,300000,303000,303000
