Type,Name,Request Count,Failure Count,Median Response Time,Average Response Time,Min Response Time,Max Response Time,Average Content Size,Requests/s,Failures/s,50%,66%,75%,80%,90%,95%,98%,99%,99.9%,99.99%,100%
POST,/api/generate,2104,1,61000.0,59314.989758238014,254.70333395060152,142364.73149992526,0.1535171102661597,1.169729078727944,0.0005559548853269696,61000,72000,79000,84000,100000,110000,123000,131000,139000,142000,142000
,Aggregated,2104,1,61000.0,59314.989758238014,254.70333395060152,142364.73149992526,0.1535171102661597,1.169729078727944,0.0005559548853269696,61000,72000,79000,84000,100000,110000,123000,131000,139000,142000,142000
