Type,Name,Request Count,Failure Count,Median Response Time,Average Response Time,Min Response Time,Max Response Time,Average Content Size,Requests/s,Failures/s,50%,66%,75%,80%,90%,95%,98%,99%,99.9%,99.99%,100%
POST,/api/generate,2876,1,283000.0,263413.80877023295,363.53404202964157,300433.8171670679,0.008344923504867872,1.598927329387518,0.0005559552605658963,283000,288000,291000,294000,298000,299000,299000,300000,300000,300000,300000
,Aggregated,2876,1,283000.0,263413.80877023295,363.53404202964157,300433.8171670679,0.008344923504867872,1.598927329387518,0.0005559552605658963,283000,288000,291000,294000,298000,299000,299000,300000,300000,300000,300000
