Type,Name,Request Count,Failure Count,Median Response Time,Average Response Time,Min Response Time,Max Response Time,Average Content Size,Requests/s,Failures/s,50%,66%,75%,80%,90%,95%,98%,99%,99.9%,99.99%,100%
POST,/api/generate,7871,23,298000.0,287466.4915181458,429.3107920093462,300860.8120420249,1.2814127810951594,4.3704396040237725,0.012770945355424567,298000,299000,299000,299000,300000,300000,300000,300000,301000,301000,301000
,Aggregated,7871,23,298000.0,287466.4915181458,429.3107920093462,300860.8120420249,1.2814127810951594,4.3704396040237725,0.012770945355424567,298000,299000,299000,299000,300000,300000,300000,300000,301000,301000,301000
