Type,Name,Request Count,Failure Count,Median Response Time,Average Response Time,Min Response Time,Max Response Time,Average Content Size,Requests/s,Failures/s,50%,66%,75%,80%,90%,95%,98%,99%,99.9%,99.99%,100%
POST,/api/generate,2070,0,59000.0,60798.611143265116,215.80575010739267,185944.87733300775,0.0,1.1510542384622546,0.0,59000,77000,85000,92000,123000,154000,169000,174000,183000,186000,186000
,Aggregated,2070,0,59000.0,60798.611143265116,215.80575010739267,185944.87733300775,0.0,1.1510542384622546,0.0,59000,77000,85000,92000,123000,154000,169000,174000,183000,186000,186000
