Type,Name,Request Count,Failure Count,Median Response Time,Average Response Time,Min Response Time,Max Response Time,Average Content Size,Requests/s,Failures/s,50%,66%,75%,80%,90%,95%,98%,99%,99.9%,99.99%,100%
POST,/api/generate,49,0,33000.0,32541.7267772065,674.1627496667206,51838.59358262271,0.0,0.16686162065453045,0.0,33000,38000,42000,44000,47000,48000,52000,52000,52000,52000,52000
,Aggregated,49,0,33000.0,32541.7267772065,674.1627496667206,51838.59358262271,0.0,0.16686162065453045,0.0,33000,38000,42000,44000,47000,48000,52000,52000,52000,52000,52000
