Type,Name,Request Count,Failure Count,Median Response Time,Average Response Time,Min Response Time,Max Response Time,Average Content Size,Requests/s,Failures/s,50%,66%,75%,80%,90%,95%,98%,99%,99.9%,99.99%,100%
POST,/api/generate,1103,861,870.0,19904.276279924416,153.8010000367649,155328.65008403314,127.90389845874887,3.675785506098677,2.8693121674986046,870,1300,34000,63000,77000,78000,79000,120000,155000,155000,155000
,Aggregated,1103,861,870.0,19904.276279924416,153.8010000367649,155328.65008403314,127.90389845874887,3.675785506098677,2.8693121674986046,870,1300,34000,63000,77000,78000,79000,120000,155000,155000,155000
