Type,Name,Request Count,Failure Count,Median Response Time,Average Response Time,Min Response Time,Max Response Time,Average Content Size,Requests/s,Failures/s,50%,66%,75%,80%,90%,95%,98%,99%,99.9%,99.99%,100%
POST,/api/generate,597,251,17000.0,37145.3720272889,159.53570895362645,274642.2104589874,10.22780569514238,1.9904978351686116,0.8368759742501198,17000,65000,70000,71000,78000,117000,140000,143000,275000,275000,275000
,Aggregated,597,251,17000.0,37145.3720272889,159.53570895362645,274642.2104589874,10.22780569514238,1.9904978351686116,0.8368759742501198,17000,65000,70000,71000,78000,117000,140000,143000,275000,275000,275000
